{"cameraMode":{"drawMode":0,"name":"Shaded","section":"Shading Mode"},"sceneLighting":true,"audioPlay":false,"sceneViewState":{"m_AlwaysRefresh":false,"showFog":true,"showSkybox":true,"showFlares":true,"showImageEffects":true,"showParticleSystems":true,"showVisualEffectGraphs":true,"m_FxEnabled":true},"in2DMode":false,"pivot":{"x":0.42836904525756838,"y":-1.8961304426193238,"z":-9.948984146118164},"rotation":{"x":0.0488152839243412,"y":0.9503079056739807,"z":-0.23739628493785859,"w":0.19540861248970033},"size":6.874826431274414,"orthographic":false}